id,lead_kind,status,arm,company,name,email,contact_info,industry,source,address,qualification_status,pain_point,notes,sent_at,last_contact_at,created_at
32dd5b1e-2a64-4071-a3ba-5133a47b8655,outreach,Not sent,Labs,CM Group Consulting,,info@cmgroup.au,,Nigerian-Australian diaspora property + business investment,"Sydney, Australia","Sydney, Australia",Qualified,"Your new site, while functional, looks like a standard Elementor template rather than a bespoke online presence.",,,,2026-06-22 20:02:51.710047+00
97018255-377a-47cf-8e6b-60652c6920c2,outreach,Not sent,Labs,Mercy Homes UK,,info@mercy-homes.com,,Nigerian diaspora property investment,"London, UK","London, UK",Qualified,"Your website looks like it hasn't been updated since 2017, with a broken layout and no mobile version.",,,,2026-06-22 20:02:47.944257+00
9699ae53-3f9a-41fc-8ed9-d7bed499423d,outreach,Not sent,Labs,Beefeater Restaurant Abuja,,,,Restaurant,Abuja,Abuja,Qualified,"You have a strong Facebook presence, but no dedicated website means you're missing out on customers searching for restaurants directly on Google.",,,,2026-06-22 20:02:19.397882+00
2ccba72d-abab-4957-92c3-7a67bf4b9baa,outreach,Not sent,Labs,Acada Partners and Associates,,,,Financial consulting,Abuja,Abuja,Qualified,"As a financial advisory firm, having no website at all means potential clients research you online and find nothing.",,,,2026-06-22 18:37:23.533324+00
06ed8478-01aa-41d3-9fd7-ca0a5cbd40fb,outreach,Not sent,Labs,Fesadeb Properties,,,,Land + real estate sales,Lagos,Lagos,Qualified,"Your current website uses a generic Elementor template with stock photos, making it hard to stand out in the Lagos property market.",,,,2026-06-22 18:29:50.216781+00
10e226d7-ee80-4514-90d9-dfa4c7d6d272,outreach,Not sent,Labs,Fine and Country West Africa,,lagos@fineandcountry.com,,Luxury real estate,Lagos,Lagos,Qualified,Your Nigerian microsite is a significant step down from the global Fine & Country brand standard.,,,,2026-06-22 18:29:41.710704+00
0821aedb-3a4e-4799-823d-8f4040bf7a57,outreach,Not sent,Labs,Femi Falana Chambers (Abuja),,info@falanalegal.com,,Human rights + litigation,Abuja,Abuja,Qualified,It looks like your Abuja Chambers doesn't have its own dedicated digital presence.,,,,2026-06-22 18:29:26.759524+00
8cbd438f-04a4-46f0-953e-cdeaae2bba84,outreach,Not sent,Labs,Adekunle Ademola & Co.,,adekunle@ademola-law.com,,Commercial + corporate law,Abuja,Abuja,Qualified,"Your current Wix site for Adekunle Ademola & Co. looks like a template, which can make it hard for potential commercial clients to take your firm seriously.",,,,2026-06-22 18:29:23.874544+00
565c2b24-f89a-4f0c-80c2-f6b347e86416,outreach,Not sent,Labs,Olu Daramola & Co.,,,,General practice law,Abuja,Abuja,Qualified,"As a law firm, not having a website means you're completely invisible to anyone who doesn't already know your name.",,,,2026-06-22 18:29:16.166504+00
b57df67c-a859-4f76-a569-28404b9fe56c,outreach,Not sent,Labs,Realty Point Limited,,info@realtypointltd.com,,Real estate brokerage,Abuja,Abuja,Qualified,"Your current website isn't mobile friendly, making it invisible to the 80%+ of Nigerians now searching for properties on their phones.",,,,2026-06-22 18:29:02.011466+00
13af7f57-80d5-437c-999d-eb6128c63453,outreach,Not sent,Labs,Jide Taiwo & Co,,,,Estate surveying + agency,Abuja,Abuja,Qualified,"Your site's mobile layout feels quite dated for a firm of your standing, which can be a real credibility gap.",,,,2026-06-22 18:28:47.744397+00
6179dd62-9dc8-4d42-b2ad-c73092e89644,outreach,Not sent,Labs,Pennak Properties,,,,Real estate brokerage,Abuja,Abuja,Qualified,Your current website is a 2019 WordPress relic with broken images and no mobile version.,,,,2026-06-22 18:28:40.078595+00
96edb3e3-789f-425b-acb5-a742b8bc70d2,outreach,Not sent,Labs,Global Patriot Immigration,,,,Canadian immigration consultancy (Nigerian diaspora),"Toronto, Canada","Toronto, Canada",Qualified,"You have no website at all, which means you're missing out on potential clients searching for immigration help.",,,,2026-06-22 18:14:00.559927+00
955170f8-380a-4ee4-b264-1ae602eca964,outreach,Not sent,Labs,Winex Immigration Consultants,,info@wineximmigration.com,,UK immigration advisory,"London, UK","London, UK",Qualified,Your current Wix-built single-page site for Winex Immigration Consultants gives clients no way to verify your credentials or build confidence before they call.,,,,2026-06-22 18:13:48.524941+00
653e69b2-d161-4015-a14d-003819c83301,outreach,Not sent,Labs,Loft Immigration Services Inc.,,,,RCIC-regulated Canadian immigration,"Richmond Hill, Ontario, Canada","Richmond Hill, Ontario, Canada",Qualified,Your website is a basic WordPress install that doesn't show any of your 50+ successful family placements each year.,,,,2026-06-22 18:13:43.223671+00
99d960c8-8d31-448c-9bba-e8de5e363ced,outreach,Not sent,Labs,Citadel Immigration Lawyers Ltd,,info@citadellawyers.com,,OISC-regulated immigration law,"Birmingham, UK","Birmingham, UK",Qualified,"Your current site is built on Drupal 7, which reached end-of-life in January 2025.",,,,2026-06-22 18:13:36.688542+00
8cc6ef07-0e44-4cac-a285-95fe955322e9,outreach,Not sent,Labs,Zuriel Solicitors,,,,Immigration + family law,"Islington, London, UK","Islington, London, UK",Qualified,"Your website looks dated, which doesn't reflect your 16+ years of Lexcel-accredited experience.",,,,2026-06-22 18:13:29.833056+00
fbbf201e-3256-4778-a988-785c44abceb4,outreach,Not sent,Labs,Browan Solicitors,,,,"Immigration, property, commercial law","London, UK","London, UK",Qualified,Your current Wix template site is underselling the dual UK-Nigerian qualification and the expertise Browan Solicitors brings to immigration and property law.,,,,2026-06-22 18:13:25.865668+00
b032e602-3287-4cac-89c2-5c98a1f735e7,outreach,Not sent,Labs,Winside & Freeman Solicitors,,,,"Immigration, family, employment law","London, UK","London, UK",Qualified,"Your Wix site has 'Our Privacy Policy' where a pricing tab should be, which can be a trust-destroying detail for regulated legal clients.",,,,2026-06-22 18:13:20.509754+00
782ecdf6-5cc8-4f8b-ac72-6cc8a5936653,outreach,Not sent,Labs,Jide Ogundimu & Co. Solicitors,,legal@jideogundimucosolicitors.co.uk,,Nigeria + UK dual-qualified law firm,"London, UK","London, UK",Qualified,"Your current website, with its generic WordPress layout and a blog last updated in 2023, doesn't quite reflect the dual-qualified expertise of Jide Ogundimu & Co. Solicitors.",,,,2026-06-22 18:13:09.081782+00
dbc0e120-41f3-4d54-ab11-b5926dcfc2e1,outreach,Not sent,Labs,Adom African Cuisine,,,,Ghanaian / West African restaurant,"Bronx, USA","Bronx, USA",Qualified,"A 'prices may vary, call to confirm' message on your menu makes new visitors feel the site is unmaintained and creates friction before they've even looked at your dishes.",,,,2026-06-22 18:13:02.789037+00
58250f51-b3d2-482e-bd95-3f3704a7bf47,outreach,Not sent,Labs,Eko Suya Spot,,,,Nigerian restaurant + catering,"Bronx, USA","Bronx, USA",Qualified,"Your website relies on a bare one-page layout and a PDF menu, which feels dated and doesn't showcase your amazing food.",,,,2026-06-22 18:12:53.787278+00
126bd0b3-f578-4c2d-817c-d51882dd6dd2,outreach,Not sent,Labs,SK Cookks,,order@skcookks.com,,Nigerian / Afro-Caribbean restaurant,"Toronto, Canada","Toronto, Canada",Qualified,You own your domain (skcookks.com) but it redirects to a free Square subdomain.,,,,2026-06-22 18:12:44.571526+00
be799c83-7489-4d24-99aa-ee9e25249a0e,outreach,Not sent,Labs,Jollof King,,,,Nigerian restaurant,"Toronto, Canada","Toronto, Canada",Qualified,"You have three locations and strong Google reviews, but no website at all.",,,,2026-06-22 18:12:38.48009+00
b7deaa42-9a1f-4c05-9f02-584575af68c4,outreach,Not sent,Labs,Design Group Nigeria,,,,Architecture + engineering,Lagos,Lagos,Qualified,"I noticed your website looks quite dated, which might be costing you enquiries from new Lagos developers.",,,,2026-06-22 18:12:33.941394+00
63cf88a1-ce37-4335-a9e7-d4a2489e8ee9,outreach,Not sent,Labs,Eunicon Interior,,,,Interior design + furniture,Lagos,Lagos,Qualified,"Your website has a 'prices may be outdated' banner on every page, which is a real trust killer for an interior design and furniture brand.",,,,2026-06-22 18:12:29.529005+00
8d3ae49c-06d9-4f86-b90f-b9fa01537da0,outreach,Not sent,Labs,Interiors by DIDI,,info@interiorsbydidi.com.ng,,Interior design + decoration,Lagos,Lagos,Qualified,"Your current website isn't mobile-friendly, making it difficult for potential clients to view your beautiful interior design work on their phones.",,,,2026-06-22 18:12:25.244172+00
c3a7c71f-1c1e-4a11-997c-947a9cc89d75,outreach,Not sent,Labs,I-Cubic Design Services,,,,Interior architecture + furniture design,Lagos,Lagos,Qualified,"Your website domain returns an error, leaving only a Facebook page with 499 likes as your digital home.",,,,2026-06-22 18:12:21.675361+00
2ebd9609-66e9-4e8e-b744-c0f987b190e6,outreach,Not sent,Labs,Reward Investments & Services Ltd,,,,Financial advisory / investment,Lagos,Lagos,Qualified,"An established firm like Reward Investments, operating since 1995, is missing out on a whole generation of Lagos investors who research everything online first.",,,,2026-06-22 18:12:15.477129+00
1bb7f3ad-841f-466b-b87a-d5944ab9e820,outreach,Not sent,Labs,Ricchezza Capital Advisors Ltd,,,,Wealth & investment advisory,Abuja,Abuja,Qualified,A premium firm like Ricchezza Capital deserves more than a generic Elementor template; the current site undermines your positioning.,,,,2026-06-22 18:12:11.670767+00
c1a4ad9a-d544-4e68-a447-20c28ff4684b,outreach,Not sent,Labs,Advisors Micropartnerships Ltd,,,,Financial services / microfinance advisory,Abuja,Abuja,Qualified,You're missing out on potential clients who search online for financial advice.,,,,2026-06-22 18:12:07.460417+00
4824e19f-9735-499f-b2f2-710a13668d5f,outreach,Not sent,Labs,Gene Financial Advisory Services Ltd (GEFAS),,genevilleconsult@gmail.com,,Financial advisory / banking consulting,Abuja,Abuja,Qualified,"Your website looks like it hasn't been updated since 2005, which actively signals that your digital infrastructure is two decades old.",,,,2026-06-22 18:12:00.572957+00
e81774a3-5919-4135-ad6b-3aeaa699c964,outreach,Not sent,Labs,Ruston Realtors Ltd,,hello@rustonrealtors.com,,Real estate brokerage,Lagos/Ibadan,Lagos/Ibadan,Qualified,"Your domain for Ruston Realtors is active, but the site itself is a bare Elementor skeleton with no active portfolio or content.",,,,2026-06-22 18:11:56.966796+00
ddace984-8cf7-46d0-b430-6ffc99974ed7,outreach,Not sent,Labs,Taiwo Salam & Co. Properties,,,,Estate surveying + agency,Ibadan,Ibadan,Qualified,Your WordPress site looks quite dated and has a poor layout when viewed on a mobile phone.,,,,2026-06-22 18:11:54.060824+00
8618141d-b1c0-4df8-ac3e-81174e98d37e,outreach,Not sent,Labs,Lofts and Spaces,,,,Real estate brokerage,Lagos,Lagos,Qualified,"You're an active agent on PropertyPro, but you don't have your own website.",,,,2026-06-22 18:11:48.328714+00
6232d9bb-06a0-48c5-9af8-80d8c7703c5e,outreach,Not sent,Labs,Al Makani Real Estate,,sales.almakanire@gmail.com,,Real estate brokerage,Abuja,Abuja,Qualified,Your sales.almakanire@gmail.com contact and PropertyPro template subdomain both signal that you haven't invested in web presence.,,,,2026-06-22 18:11:43.31374+00
74027c24-fe8b-4203-b25f-18bf26a82846,outreach,Not sent,Labs,Gerarland Ventures Ltd,,,,Real estate brokerage,Abuja,Abuja,Qualified,"Your only online presence is a PropertyPro template page, making it hard for potential clients to find you directly.",,,,2026-06-22 18:11:06.041697+00
55143773-4174-49ff-9749-21bef596fd3d,outreach,Not sent,Labs,Crystal Orbit Realty,,,,Nigerian diaspora real estate (US/Atlanta),"Atlanta, USA","Atlanta, USA",Qualified,"Your current website uses a generic WordPress template, which makes it hard for Crystal Orbit Realty to stand out.",,,,2026-06-22 18:10:39.285795+00
886aaf3f-aa14-450f-9922-93a2b8b64dcc,outreach,Not sent,Labs,Villa Afrika Realty,,hello@villaafrika.com,,Abuja property investment (diaspora-facing),"Abuja, Nigeria","Abuja, Nigeria",Qualified,I noticed your current WordPress site has a really poor mobile experience.,,,,2026-06-22 18:10:11.330107+00
5c879e81-c721-4af2-810a-bfa9d448ad7d,outreach,Not sent,Labs,Globalink Immigration Canada,,,,Canadian immigration consultancy,"Toronto, Canada","Toronto, Canada",Qualified,"It looks like you're doing great work with Globalink Immigration Canada, but anyone searching for your services online wouldn't find you.",,,,2026-06-22 18:10:00.469966+00
581ba272-0d30-42ea-97e8-405b36d98766,outreach,Not sent,Labs,Rightmove Immigration (UK),,,,Immigration advisory,"London, UK","London, UK",Qualified,An OISC-registered firm with no website loses potential clients to every competitor who has one — immigration seekers always verify credentials online before they call.,,,,2026-06-22 18:09:54.118148+00
1f0ec0ab-7a0a-4cbd-a6f4-5e41ff025f0f,outreach,Not sent,Labs,Chuku's Nigerian Tapas,,hello@chukus.co.uk,,Nigerian tapas restaurant,"London, UK","London, UK",Qualified,Your Squarespace site doesn't fully tell the story of Nigeria's first tapas concept.,,,,2026-06-22 18:09:49.228017+00
2c79c0db-152e-4383-9a51-9c85ca22d184,outreach,Not sent,Labs,Ikoyi London,,reservations@ikoyilondon.com,,Modern Nigerian fine dining,"London, UK","London, UK",Qualified,"For a Michelin-starred restaurant like Ikoyi London, a clunky mobile reservation flow is a clear mismatch with the high-end experience you offer.",,,,2026-06-22 18:09:44.795634+00
a7b94e10-97e8-4e76-9d7e-3fc21aa08aa7,outreach,Not sent,Labs,Nkoyo,,info@nkoyorestaurant.co.uk,,Nigerian restaurant,"London, UK","London, UK",Qualified,"I noticed your WordPress site, last updated in 2021, doesn't offer online booking for your King's Cross restaurant.",,,,2026-06-22 18:09:35.708567+00
364a0c4a-f937-43fa-bc84-02a78a14230c,outreach,Not sent,Labs,Transcorp Hilton (restaurant marketing),,restaurant@transcorphilton.com,,Hotel restaurant,Abuja,Abuja,Qualified,Your restaurant pages are buried inside a hotel site that isn't mobile-optimised.,,,,2026-06-22 18:09:32.022448+00
56b58a45-d472-4071-ba1a-0d428b34cc3f,outreach,Not sent,Labs,Southern Comfort Abuja,,,,Restaurant + bar,Abuja,Abuja,Qualified,"You don't have a website at all, which means you're invisible to potential customers who haven't heard of you yet.",,,,2026-06-22 18:09:28.954083+00
2eeb30ab-8242-45d2-8d17-aa8e0423c9a3,outreach,Not sent,Labs,Aelex Partners,,info@aelex.com,,Corporate + commercial law,Lagos,Lagos,Qualified,"Your mobile site is broken, and your news section is outdated, making one of Nigeria's top commercial law firms look inactive online.",,,,2026-06-22 18:09:20.323764+00
6e53e051-3159-4edb-9da3-531b7c489bf2,outreach,Not sent,Labs,Udo Udoma & Belo-Osagie,,lagos@uubo.org,,Corporate + finance law,Lagos,Lagos,Qualified,Your website's mobile layout feels a bit dated and doesn't quite match the prestige of a Tier 1 firm like Udo Udoma & Belo-Osagie.,,,,2026-06-22 18:09:17.293531+00
ef4dacef-6c54-4e18-bb67-6dbd9ad67b7d,outreach,Not sent,Labs,Olisa Agbakoba Legal (OAL),,info@oalegal.com,,Maritime + commercial law,Lagos,Lagos,Qualified,Your current website looks quite dated and isn't very mobile friendly.,,,,2026-06-22 18:09:13.253407+00
c42ab9b8-0c69-4fd2-bfcc-e8286c5cb0f2,outreach,Not sent,Labs,Pwan Stars Limited,,,,Real estate brokerage,Lagos,Lagos,Qualified,"You have a strong Facebook presence, but no website to truly own your online hub.",,,,2026-06-22 18:09:09.584169+00
3feba1c8-e101-476d-b032-612f41b1ffbc,outreach,Not sent,Labs,Green Habitat Limited,,info@greenhabitatltd.com,,Real estate development,Lagos,Lagos,Qualified,"Your current site doesn't feature a portfolio gallery, making it hard for potential buyers to visualise your properties.",,,,2026-06-22 18:09:05.487014+00
6c992394-af5e-409a-90a2-7777cb4dc99d,outreach,Not sent,Labs,Property Mart Real Estate,,info@propertymart.com.ng,,Real estate brokerage,Lagos,Lagos,Qualified,"Your website's listings plugin seems to be broken, meaning potential buyers can't browse properties.",,,,2026-06-22 18:09:00.70935+00
e1a69f14-43a9-4825-a81a-39b73a21d976,outreach,Not sent,Labs,Nile Specialist Hospital (Abuja),,,,Specialist hospital,Abuja,Abuja,Qualified,Your website is difficult to use on a mobile phone and doesn't offer online booking.,,,,2026-06-22 18:08:54.945651+00
9e82d58c-8931-40ab-bc14-fcf764bc1be4,outreach,Not sent,Labs,Garki Medical Centre,,info@garkimedicalcentre.com,,General + specialist clinic,Abuja,Abuja,Qualified,Your current website is a bare HTML page from 2015 with no services list or booking option.,,,,2026-06-22 18:08:49.891609+00
0393c493-1a4b-4585-abc1-b145b617af98,outreach,Not sent,Labs,Smile Again Dental Clinic,,,,Dental clinic,Abuja,Abuja,Qualified,"You don't have a website at all for Smile Again Dental Clinic, which means potential patients can't easily find you or book appointments online.",,,,2026-06-22 18:08:43.28981+00
ed21c9d5-9ca8-4564-960f-9dee01b502c9,outreach,Not sent,Labs,Tonbofa & Associates,,,,Immigration + family law,Abuja,Abuja,Qualified,It looks like Tonbofa & Associates doesn't have a website at all yet.,,,,2026-06-22 18:08:29.424571+00
b05c36cf-399d-4e74-b6d1-d37953b13538,outreach,Not sent,Labs,Dikko & Mahmoud,,info@dikkomahmoud.com,,Corporate + property law,Abuja,Abuja,Qualified,Your current site appears to be from 2018 and isn't optimised for phones.,,,,2026-06-22 18:08:16.307408+00
619a7a09-9d8f-47c2-8633-e19fdf9699e8,outreach,Not sent,Labs,Afe Babalola & Co (Abuja branch),,info@afebabalola.com,,Civil + commercial litigation,Abuja,Abuja,Qualified,"Your Abuja branch's website looks quite dated, and the bios haven't been updated in a while.",,,,2026-06-22 18:06:38.802456+00
3b87313c-9b87-458f-a8b2-7d9e3d87b29b,outreach,Not sent,Labs,Zartech Properties,,,,Real estate + land sales,Abuja,Abuja,Qualified,"I noticed Zartech Properties doesn't have a website yet, relying instead on Facebook and WhatsApp.",,,,2026-06-22 18:06:19.162149+00
84dc8492-701e-4bb3-88be-f60d6c89c176,outreach,Not sent,Labs,Topmark Properties,,,,Real estate brokerage,Abuja,Abuja,Qualified,Your website currently shows a 'not secure' warning in browsers because it lacks an SSL certificate.,,,,2026-06-22 18:06:01.372028+00
c063648e-d3fe-478c-a8ba-ab3b56f0256d,outreach,Not sent,Labs,CHI Real Estate,,info@chirealestateabuja.com,,Real estate brokerage,Abuja,Abuja,Qualified,"Your website looks like every other Elementor template, with no personality or differentiation.",,,,2026-06-22 18:05:54.712768+00
2ba637e5-a27b-4260-aed5-b9dc86087cb5,outreach,Not sent,Motion,RSVP Lagos,,info@pistachiofoods.com,,Restaurant,Directory listing,"Victoria Island, Lagos",Qualified,It looks like there's no video on the RSVP Lagos website.,,,,2026-06-21 09:43:39.580054+00
e8b6f230-48b8-4378-810d-9a7013b834cc,outreach,Not sent,Motion,Gold Aura,,goldaura.ng@gmail.com,,Perfumes/Fragrance,Finelib directory,"Yaba, Lagos",Low priority,,,,,2026-06-21 09:43:39.580054+00
f6e9de61-9466-4b36-8436-a116aad0ba5c,outreach,Not sent,Motion,iPerfumes,,dayo17@gmail.com,,Perfumes/Fragrance,Finelib directory,"Ikoyi, Lagos",Low priority,,,,,2026-06-21 09:43:39.580054+00
d5c0b2f4-f2cf-4fdb-9f6a-b0852f9203ca,outreach,Not sent,Motion,Abc Organics World,,abcorganicsw@gmail.com,,Skincare,Finelib directory,"Gwagwalada, Abuja",Low priority,,,,,2026-06-21 09:43:39.580054+00
636e1fed-049a-4b50-9cca-84406491c862,outreach,Not sent,Motion,La Mimz Concepts Limited,,mimi.nongo@lamimz.com,,Cosmetics,Finelib directory,"Wuse 2, Abuja",Qualified,It looks like you don't have any video content on your website.,,,,2026-06-21 09:43:39.580054+00
893f8688-d471-4a5b-a737-150174b10fc7,outreach,Not sent,Motion,Vinicksnatural Skincare Organics,,vinicksnatural1@gmail.com,,Skincare,Finelib directory,"Gwarinpa, Abuja",Qualified,I noticed there aren't any videos on your Vinicksnatural Skincare Organics website.,,,,2026-06-21 09:43:39.580054+00
87c134c6-4aff-473a-bfd6-ceda1ec53084,outreach,Not sent,Motion,Nectar Beauty Hub (Balogun outlet),,balogunoutlet@nectarbeautyhub.com,,Skincare/Beauty retail,Company site,"Balogun, Lagos",Low priority,,,,,2026-06-21 09:43:39.580054+00
46b54b33-04cb-42d0-85d4-48c637e686da,outreach,Not sent,Motion,Optad Naturals,,Optadnaturalsworld@gmail.com,,Skincare,Finelib directory,"Ajah, Lagos",Low priority,,,,,2026-06-21 09:43:39.580054+00
693e883b-c3ba-43da-9961-133ca391725c,outreach,Not sent,Motion,Perona Beauty Store,,peronastores@yahoo.com,,Cosmetics,Finelib directory,"Lekki, Lagos",Low priority,,,,,2026-06-21 09:43:39.580054+00
00b3aa07-a90e-407e-b924-293811f7ebe2,outreach,Not sent,Motion,Skinsational Skincare,,skinsational@live.co.uk,,Skincare,Finelib directory,"Surulere, Lagos",Low priority,,,,,2026-06-21 09:43:39.580054+00
2ba53954-91c8-4b16-a3f5-0430b1337dd3,outreach,Not sent,Motion,Kuddy Cosmetics,,info@kuddycosmetics.com,,Cosmetics,Finelib directory,"Ojo, Lagos",Qualified,"I noticed there's no video on the Kuddy Cosmetics website, only static images of your products.",,,,2026-06-21 09:43:39.580054+00
3556c561-1a42-4320-b537-7d1ad43f749b,outreach,Not sent,Motion,Style City,,stylecityboutiqueng@gmail.com,,Fashion/Apparel,Finelib directory,"Yaba, Lagos",Qualified,I noticed there aren't any videos on the Style City website to show off your latest fashion collections.,,,,2026-06-21 09:43:39.580054+00
e05135c7-aa74-4b1a-acbd-8954a6ef9286,outreach,Not sent,Motion,BAE Enterprise,,baeenterprise93@gmail.com,,Cosmetics,Finelib directory,"Agege, Lagos",Low priority,,,,,2026-06-21 09:43:39.580054+00
b5fce22e-abdb-4bdf-bcdd-18de98b69897,outreach,Not sent,Motion,Fruits2go,,hello@fruits2go.ng,,Beverage,Company site,"Multiple outlets, Lagos",Low priority,,,,,2026-06-21 09:43:39.580054+00
aa599bf4-37c5-4302-8076-918f57845180,outreach,Not sent,Motion,Fruitizz,,fruitizzlekki@gmail.com,,Beverage,Finelib directory,"Lekki Phase I, Lagos",Low priority,,,,,2026-06-21 09:43:39.580054+00
d91af73b-860b-449b-bbce-3b171d89826a,outreach,Not sent,Motion,GoodLife Magik,,goodlifemagik@gmail.com,,Beverage,Finelib directory,"Surulere, Lagos",Low priority,,,,,2026-06-21 09:43:39.580054+00
4200e83c-6be5-498b-9abc-7e1a64d7515c,outreach,Not sent,Motion,Simply Green Juices,,info@simplygreenjuice.com,,Beverage,Finelib directory,"Victoria Island, Lagos",Low priority,,,,,2026-06-21 09:43:39.580054+00
6328358a-6214-496f-82da-114a6736e600,outreach,Not sent,Motion,tWIF Clothing,,twifclothing@gmail.com,,Fashion/Apparel,Company site,"Ikeja/Lekki, Lagos",Low priority,,,,,2026-06-21 09:43:39.580054+00
435c3d90-fe1e-4be9-9b2c-470ce38e991d,outreach,Not sent,Motion,Eve Signature,,info@evesignature.com,,Fashion/Apparel,Finelib directory,"Ikorodu, Lagos",Low priority,,,,,2026-06-21 09:43:39.580054+00
3a3b8a3d-ce3b-4f1a-aa96-13792931cf25,outreach,Not sent,Motion,Rhubarb Fashion,,rhubarbresources@gmail.com,,Fashion/Apparel,Finelib directory,"Lagos Island, Lagos",Low priority,,,,,2026-06-21 09:43:39.580054+00
d9af51ca-445c-48a1-979f-4f8e43b3f5ac,outreach,Not sent,Motion,Drink Healthy Nigeria,,support@drinkhealthy.ng,,Beverage,Company site,Lagos,Low priority,,,,,2026-06-21 09:43:39.580054+00
c5d693cf-867e-4226-8363-8c0cccce85e3,outreach,Not sent,Motion,Odiluxe Cosmetics,,hello@odiluxecosmetics.com,,Cosmetics,ConnectCiti directory,"Opebi, Ikeja, Lagos",Low priority,,,,,2026-06-21 09:43:39.580054+00
dac12c0f-bd1c-4b6a-a44c-8e62c4f1d233,outreach,Not sent,Motion,House of Luxury Collections,,theluxurylifestyle1020@gmail.com,,Fashion/Apparel,Facebook listing,"Lekki Phase 1, Lagos",Low priority,,,,,2026-06-21 09:43:39.580054+00
bf8db29f-b16c-4af1-8ba6-8dc64825f018,outreach,Not sent,Motion,Bonheur Perfumes,,sales@bonheurperfumes.com,,Perfumes/Fragrance,Finelib directory,"Victoria Island, Lagos",Low priority,,,,,2026-06-21 09:43:39.580054+00
a7164c3f-e065-46e2-8767-26a3586a1f4d,outreach,Not sent,Motion,Zandikam Luxury Addict,,zandikamvisage@gmail.com,,Perfumes/Fragrance,Finelib directory,"Lekki, Lagos",Low priority,,,,,2026-06-21 09:43:39.580054+00
b69de65b-b96c-407f-8219-9046fed48dcc,outreach,Not sent,Motion,CrestalSpa Cosmetics,,contact@crestalspa.com,,Cosmetics/Skincare,Finelib directory,"Maitama, Abuja",Low priority,,,,,2026-06-21 09:43:39.580054+00
1ffc53cc-52b0-495c-83d3-1b5636bfa4ad,outreach,Not sent,Motion,R&R Luxury,,info@randrluxury.com,,Skincare,Finelib directory,"Lekki Phase 1, Lagos",Qualified,"Your website doesn't currently feature any video content, which could be a missed opportunity to showcase your beautiful skincare products.",,,,2026-06-21 09:43:39.580054+00
729c8e7a-2b01-4434-84b3-66e53a07cf02,outreach,Not sent,Motion,Lamy Skincare,,lamyskincare@gmail.com,,Skincare,Finelib directory,"Ojodu Berger, Lagos",Low priority,,,,,2026-06-21 09:43:39.580054+00
a53d714c-8e30-40db-9753-1eae04913c71,outreach,Not sent,Motion,Zaron Cosmetics,,info@zaroncosmetics.com,,Cosmetics,Finelib directory,"Ikoyi, Lagos",Low priority,,,,,2026-06-21 09:43:39.580054+00
5eec7323-df72-4172-ae4b-7dbe1a65b505,outreach,Not sent,Motion,SheaTribe,,hellosheatribe@gmail.com,,Skincare,Finelib directory,"Surulere, Lagos",Low priority,,,,,2026-06-21 09:43:39.580054+00
f6da49b3-0c00-47ec-9774-9f148cbc03dd,outreach,Not sent,Motion,SLoW Lagos,,info@slowlagos.com,,Restaurant,Company site,"Victoria Island, Lagos",Low priority,,,,,2026-06-21 09:43:39.580054+00
de66e5b9-46eb-4ecd-a1f0-c3c12ac75ffb,outreach,Not sent,Motion,Habeebat Fashion Store,,care@habeebat.com,,Fashion/Apparel,Facebook page,"Victoria Island, Lagos",Low priority,,,,,2026-06-21 09:43:39.580054+00
391a99b1-3ae3-4098-914a-f63ee8560a94,outreach,Not sent,Motion,Arami Essentials,,info@aramiessentials.com,,Skincare,Finelib directory,Lagos,Low priority,,,,,2026-06-21 09:43:39.580054+00
53f78e7a-b8e1-45f9-938c-b3e70967dc82,outreach,Not sent,Motion,Glam O' Sphere Boutique,,info@myglamosphere.com,,Cosmetics/Skincare,Finelib directory,"Shomolu, Lagos",Low priority,,,,,2026-06-21 09:43:39.580054+00
ab4a4562-2000-4ff9-9315-99cb66d4aca6,outreach,Not sent,Motion,Adunni Organics,,info@adunniorganics.com,,Skincare,Finelib directory,"Ikeja, Lagos",Low priority,,,,,2026-06-21 09:43:39.580054+00
9d22f3fc-7d2b-47c1-8466-afb279c626d2,outreach,Not sent,Motion,Inner Beautee,,info@innerbeautee.com,,Skincare,Finelib directory,"Victoria Island, Lagos",Low priority,,,,,2026-06-21 09:43:39.580054+00
b4fccce6-53a8-4ab3-b523-d31c9117871a,outreach,Not sent,Motion,Nectar Beauty Hub (Lekki outlet),,lekkioutlet@nectarbeautyhub.com,,Skincare/Beauty retail,Company site,"Lekki, Lagos",Low priority,,,,,2026-06-21 09:43:39.580054+00
57375ee8-2e56-41c9-895b-b1337dfaa3fa,outreach,Not sent,Motion,Busen Homme,,info@busenworld.com,,Fashion/Apparel,Finelib directory,"Victoria Island, Lagos",Low priority,,,,,2026-06-21 09:43:39.580054+00
eb05d0e2-f105-4887-90bf-676eb72c290e,outreach,Not sent,Motion,Nectar Beauty Hub (Surulere outlet),,surulereoutlet@nectarbeautyhub.com,,Skincare/Beauty retail,Company site,"Surulere, Lagos",Low priority,,,,,2026-06-21 09:43:39.580054+00
bcefa817-7a01-46b6-977a-8a984c2cdfd9,outreach,Not sent,Motion,Signature by Cybele,,info@signaturebycybele.com,,Perfumes/Fragrance,Finelib directory,"Matori, Lagos",Low priority,,,,,2026-06-21 09:43:39.580054+00
2129d8ef-ad20-455c-899f-6b8a7c2b4851,outreach,Not sent,Motion,Absolute Fragrance,,admin@absolutefragrance.com.ng,,Perfumes/Fragrance,Finelib directory,"Ajah, Lagos",Qualified,I noticed there isn't any video on your Absolute Fragrance website.,,,,2026-06-21 09:43:39.580054+00
9f6fae05-3170-432b-a0ae-69c89c0a34f1,outreach,Not sent,Motion,BluCabana Restaurant & Cafe,,info@blucabana.com,,Restaurant,Company website,"Mabushi, Abuja",Qualified,"I noticed there aren't any videos on your TripAdvisor page or social media, despite BluCabana being such a visually appealing spot.",,,,2026-06-21 09:43:39.580054+00
97e2771e-5a86-47f8-a701-0651dd7cd7b3,outreach,Not sent,Motion,Essence De Beaute,,info@essencedebeaute.com.ng,,Skincare,Finelib directory,"Lekki Phase 1, Lagos",Qualified,I noticed there's no video on your website showing off your skincare products.,,,,2026-06-21 09:43:39.580054+00
35efcfee-59c2-4ecf-8fae-af53c153eee4,outreach,Not sent,Motion,Brightway Fashion,,thebrightwayfashion@gmail.com,,Fashion/Apparel,Finelib directory,"Wuse 2, Abuja",Low priority,,,,,2026-06-21 09:43:39.580054+00
498bbe1c-c12b-4289-95b9-51431303e4b7,outreach,Not sent,Motion,Aweni Organics,,aweniorganics@gmail.com,,Skincare,Finelib directory,"Surulere, Lagos",Low priority,,,,,2026-06-21 09:43:39.580054+00
941f3df1-bc6a-4d25-9eb8-b2e03da4c5df,outreach,Not sent,Motion,Dedes Skincare,,dedesskincare@gmail.com,,Skincare,Finelib directory,"Gbagada, Lagos",Low priority,,,,,2026-06-21 09:43:39.580054+00
98417123-c002-47d6-a26e-abd669682664,outreach,Not sent,Motion,Shay's Treats,,info@shaystreats.com,,Skincare,Finelib directory,"Ikoyi, Lagos",Low priority,,,,,2026-06-21 09:43:39.580054+00
e18ccb95-4140-418a-920a-036d14cc176b,outreach,Not sent,Motion,Ewami Essentials,,info@ewamiessentials.com,,Cosmetics/Skincare,Finelib directory,"Lekki, Lagos",Low priority,,,,,2026-06-21 09:43:39.580054+00
96ba9930-fb6f-4938-859f-4eba0799a724,outreach,Not sent,Motion,Bevy Beauty,,info@bevybeauty.ng,,Cosmetics,Finelib directory,"Lekki Phase 1, Lagos",Low priority,,,,,2026-06-21 09:43:39.580054+00
ba3fe581-62aa-4d57-8253-932473dbda7e,outreach,Not sent,Motion,The Scents Store,,thescentsstore@gmail.com,,Cosmetics (Fragrance),Finelib directory,"Lekki, Lagos",Low priority,,,,,2026-06-21 09:43:39.580054+00
f4209a4d-1222-4c60-8bae-735ff7b09f59,outreach,Not sent,Motion,Solid Dominion Global Limited,,soliddominion@gmail.com,,Cosmetics,Finelib directory,"Trade Fair Complex, Lagos",Low priority,,,,,2026-06-21 09:43:39.580054+00
882b18a5-3e12-49ce-bfe6-38d31d63148b,outreach,Not sent,Motion,Oriflame Products Egbeda,,faithkapona@gmail.com,,Cosmetics,Finelib directory,"Egbeda, Lagos",Low priority,,,,,2026-06-21 09:43:39.580054+00
8ffb8695-1f7b-43a7-ba6d-c6701c88e037,outreach,Not sent,Motion,Copaci Nigeria,,info@copaci.net,,Cosmetics,Finelib directory,Lagos,Low priority,,,,,2026-06-21 09:43:39.580054+00
57a70f5f-8bd2-486a-a8e8-48fba0713923,outreach,Not sent,Motion,Boomsky Smoothies,,info@boomskysmoothies.com,,Beverage,Finelib directory,"Surulere, Lagos",Low priority,,,,,2026-06-21 09:43:39.580054+00
69b0ac28-a7f6-4875-bf3a-86c8dd624717,outreach,Not sent,Motion,The Fruitsome Shop,,fruitsomeshop@gmail.com,,Beverage,Finelib directory,"Ilupeju, Lagos",Low priority,,,,,2026-06-21 09:43:39.580054+00
57d457b4-9e5c-42cc-b793-432b8b806b1e,outreach,Not sent,Motion,Haven of Delight,,theaddictshaven@gmail.com,,Beverage,Finelib directory,"Egbeda, Lagos",Low priority,,,,,2026-06-21 09:43:39.580054+00
4227c5fb-0bea-4e2e-a4d6-b0c48ef4b645,outreach,Not sent,Motion,Dansa Foods Limited,,customercare@dansafoods.com,,Beverage,Finelib directory,"Abule Oshun, Lagos",Low priority,,,,,2026-06-21 09:43:39.580054+00
b005be44-507e-40ff-86bc-63b8b7e8af69,outreach,Not sent,Motion,Sojoee,,mystyle@sojoee.com,,Fashion/Apparel,Finelib directory,"Magodo, Lagos",Low priority,,,,,2026-06-21 09:43:39.580054+00
94671045-7443-4943-9aa8-c7680a33cb2e,outreach,Not sent,Motion,DOS Clothing Store,,dosclothingstore@gmail.com,,Fashion/Apparel,Finelib directory,"Ikoyi, Lagos",Low priority,,,,,2026-06-21 09:43:39.580054+00
58c3525e-a2aa-4624-a768-eb7f533e70e1,outreach,Not sent,Motion,LA.X Nigeria,,info@laxnigeria.com,,Fashion/Apparel,Finelib directory,"Lekki Phase 1, Lagos",Low priority,,,,,2026-06-21 09:43:39.580054+00
39be3195-02aa-4a2d-8731-cc87979458e2,outreach,Not sent,Motion,Madrew's Boutique,,madrewsboutique@gmail.com,,Fashion/Apparel,Finelib directory,"Ikeja, Lagos",Low priority,,,,,2026-06-21 09:43:39.580054+00
54e70760-2a1b-44b2-8f52-df01da8858ca,outreach,Not sent,Motion,Olivia Juice,,oliviajuiceofficial@gmail.com,,Beverage,Company site,"Ikeja GRA, Lagos",Low priority,,,,,2026-06-21 09:43:39.580054+00
ed17cc01-e348-4409-bd04-e00a1fdd2fe3,outreach,Not sent,Motion,Blackhills Cosmetics,,bhillscosmetics@gmail.com,,Cosmetics/Skincare,Company site,Lagos,Low priority,,,,,2026-06-21 09:43:39.580054+00
7c7d6970-e148-4087-9b0b-8ef6c1adc013,outreach,Not sent,Motion,Swayz Cosmetics,,Swayzcosmetics6@gmail.com,,Cosmetics,ConnectCiti directory,"Yaba, Lagos",Low priority,,,,,2026-06-21 09:43:39.580054+00
f840e644-d5d0-4b84-b696-3a39cdf338a0,outreach,Not sent,Motion,Jny Beauty and Spa,,contact@jnybeautyandspa.com,,Cosmetics/Beauty,Company site,"Opebi, Ikeja, Lagos",Low priority,,,,,2026-06-21 09:43:39.580054+00
fbc675d7-9ee1-44eb-8cd7-8e7400018171,outreach,Not sent,Motion,Facile Fashion,,welcome@facile.ng,,Fashion/Apparel,Finelib directory,"Victoria Island, Lagos",Low priority,,,,,2026-06-21 09:43:39.580054+00
344de5a2-863c-460c-a735-6b628d9a7a52,outreach,Not sent,Motion,Abubas Boutique,,abubas4real@yahoo.com,,Fashion/Apparel,Finelib directory,"Oke-Afa, Lagos",Qualified,I noticed Abubas Boutique doesn't have any video on its website.,,,,2026-06-21 09:43:39.580054+00
66b4fbba-ae28-4f7d-83e3-35bdffa1313e,outreach,Not sent,Motion,Faz Cosmetics and Spa,,customer@fazcosmetics.com,,Cosmetics,Finelib directory,"Ogudu GRA, Lagos",Low priority,,,,,2026-06-21 09:43:39.580054+00
ed9c7ecf-e6ad-4e86-8419-1b2ac02c2c5c,outreach,Not sent,Motion,Aura Cosmetics,,cosmetologistjob@gmail.com,,Cosmetics/Skincare,Finelib directory,"Ibeju Lekki, Lagos",Low priority,,,,,2026-06-21 09:43:39.580054+00
c5d568ca-8411-4c90-a8ee-6960199c0437,outreach,Not sent,Motion,Gaby Lagos,,reservations@gabylagos.com,,Restaurant,Company site,"Victoria Island, Lagos",Low priority,,,,,2026-06-21 09:43:39.580054+00
a9b81481-1f54-4072-9a20-dfb284745b30,outreach,Not sent,Motion,Circa Lagos / The Borough,,booking@theboroughlagos.com,,Restaurant,Company site,"Lekki Phase 1, Lagos",Low priority,,,,,2026-06-21 09:43:39.580054+00
c620c837-613f-41ea-ba76-cba6429321d7,outreach,Not sent,Motion,Noir Lagos,,info@noir.live,,Restaurant,Instagram/directory,"Victoria Island, Lagos",Low priority,,,,,2026-06-21 09:43:39.580054+00
50e47249-d94d-40bb-a2e6-d908cd1a4734,outreach,Not sent,Motion,BmPro,,info@bmpromakeup.com,,Cosmetics,Finelib directory,"Ikoyi, Lagos",Low priority,,,,,2026-06-21 09:43:39.580054+00
f774164d-b21b-417d-906b-a01a44ae20b9,outreach,Not sent,Motion,B.A.E Beauty NG,,hello@baebeautyng.com,,Cosmetics,Finelib directory,"Lekki, Lagos",Low priority,,,,,2026-06-21 09:43:39.580054+00
9080400d-6890-4568-9a60-bae3c257ae1f,outreach,Not sent,Motion,Beauty Kink,,contact@beautykink.com,,Cosmetics,Finelib directory,"Lekki Phase 1, Lagos",Low priority,,,,,2026-06-21 09:43:39.580054+00
229de5b6-1c19-4fac-a05a-858b9277bd22,outreach,Not sent,Motion,Narganics,,info@narganics.com,,Skincare,Finelib directory,Lagos,Qualified,I noticed there isn't any video on the Narganics website showing your skincare products in motion.,,,,2026-06-21 09:43:39.580054+00
2e91aa76-70b5-4d2d-b061-fd2e5ac934b2,outreach,Not sent,Motion,Imperio International,,info@imperiocosmetics.com,,Cosmetics,Finelib directory,"Ikeja, Lagos",Low priority,,,,,2026-06-21 09:43:39.580054+00
002f5e4c-2f29-405e-a977-6cf12ff8e71b,outreach,Not sent,Motion,D'Scentsation,,info@scentsation-online.com,,Perfumes/Fragrance,Finelib directory,"Ikeja, Lagos",Qualified,I noticed your website for D'Scentsation doesn't currently feature any video content.,,,,2026-06-21 09:43:39.580054+00
0cb9dc39-d79e-4fc1-a6b1-4b3c33c38c68,outreach,Not sent,Motion,Acorns N Gold Boutiques,,acornsngoldglobal@gmail.com,,Fashion/Apparel,Finelib directory,"Wuse 2, Abuja",Qualified,I noticed there isn't any video on your website for Acorns N Gold Boutiques.,,,,2026-06-21 09:43:39.580054+00
163a2eac-10ba-49bf-a167-592a92721808,outreach,Not sent,Motion,Amelia-Couture,,info@amelia.com.ng,,Fashion/Apparel,Finelib directory,Lagos,Qualified,There's no video on your website to truly show off your fashion pieces.,,,,2026-06-21 09:43:39.580054+00
186c4184-e8e1-49d9-b1b6-8d4c976a8f60,outreach,Not sent,Motion,Go-Natural Shea Butter,,sheaetrl@gmail.com,,Skincare,Finelib directory,"Opebi, Lagos",Qualified,I noticed there aren't any videos on your site showing off the Go-Natural Shea Butter products.,,,,2026-06-21 09:43:39.580054+00
187ecc0c-7dc6-46a9-a99c-7ece59737637,outreach,Not sent,Motion,Dark Chocolate Cosmetics,,darkchocent@gmail.com,,Skincare,Finelib directory,"Yaba, Lagos",Qualified,There's no online visual presence to showcase your skincare products.,,,,2026-06-21 09:43:39.580054+00
1b49dc33-5446-47b9-88ca-2cf7f61d831d,outreach,Not sent,Motion,TopKlass Cosmetics,,vipindustrieslimited@gmail.com,,Cosmetics,Finelib directory,"Oshodi-Isolo, Lagos",Qualified,I noticed there's no video on the TopKlass Cosmetics website.,,,,2026-06-21 09:43:39.580054+00
1eb67efd-167c-4ba3-909d-4df3cf4d0010,outreach,Not sent,Motion,Sensiq Boutique,,sensiq2002@yahoo.com,,Fashion/Apparel,Finelib directory,"Opebi, Ikeja, Lagos",Low priority,,,,,2026-06-21 09:43:39.580054+00
26f27e90-1faf-42fb-a921-cc2ebfca0f5d,outreach,Not sent,Motion,Lophix Boutique,,Lophixboutique@gmail.com,,Fashion/Apparel,Facebook listing,"Lekki/Opebi, Lagos",Qualified,"I noticed your website doesn't feature any video, which is a missed opportunity to showcase your beautiful fashion pieces.",,,,2026-06-21 09:43:39.580054+00
29477ece-d698-4ec6-ae06-c31f1f4a4c4e,outreach,Not sent,Motion,Koftop Ventures,,koftopventures@yahoo.com,,Fashion/Apparel,Finelib directory,"Surulere, Lagos",Qualified,I noticed Koftop Ventures doesn't currently use any video to showcase your fashion pieces.,,,,2026-06-21 09:43:39.580054+00
b69f7047-42a2-4862-8e30-a6421b9c3644,inbound,Identified,,,John Doe,,dmasiyer@gmail.com,,,,,,,,,2026-06-18 06:35:23.417+00
